"Date","SP500","NASDAQ","DowJones","FTSE100","DAX","CAC40","Nikkei225","HangSeng","SSEComposite","KOSPI","Sensex"
2000-01-31,1394.4599609375,3940.35009765625,10940.5302734375,6268.5,6835.60009765625,5659.81005859375,19539.69921875,15532.33984375,NA,943.880004882812,5205.2900390625
2000-02-29,1366.42004394531,4696.68994140625,10128.3095703125,6232.60009765625,7644.5498046875,6190.9599609375,19959.51953125,17169.439453125,1714.57800292969,828.380004882812,5447.47021484375
2000-03-31,1498.57995605469,4572.830078125,10921.919921875,6540.2001953125,7599.39013671875,6286.0498046875,20337.3203125,17406.5390625,1800.22497558594,860.940002441406,5001.27978515625
2000-04-30,1452.43005371094,3860.65991210938,10733.91015625,6327.39990234375,7414.68017578125,6419.72021484375,17973.69921875,15519.2998046875,1836.32104492188,725.390014648438,4657.5498046875
2000-05-31,1420.59997558594,3400.90991210938,10522.330078125,6359.39990234375,7109.669921875,6426.259765625,16332.4501953125,14713.8603515625,1894.55395507812,731.880004882812,4433.60986328125
2000-06-30,1454.59997558594,3966.11010742188,10447.8896484375,6312.7001953125,6898.2099609375,6446.5400390625,17411.05078125,16155.7802734375,1928.10595703125,821.219970703125,4748.77001953125
2000-07-31,1430.82995605469,3766.98999023438,10521.98046875,6365.2998046875,7190.3701171875,6542.490234375,15727.490234375,16840.98046875,2023.53894042969,705.969970703125,4279.85986328125
2000-08-31,1517.68005371094,4206.35009765625,11215.099609375,6672.7001953125,7216.4501953125,6625.419921875,16861.259765625,17097.509765625,2021.19897460938,688.619995117188,4477.31005859375
2000-09-30,1436.51000976562,3672.82006835938,10650.919921875,6294.2001953125,6798.1201171875,6266.6298828125,15747.259765625,15648.98046875,1910.16101074219,613.219970703125,4090.3798828125
2000-10-31,1429.40002441406,3369.6298828125,10971.1396484375,6438.39990234375,7077.43994140625,6397.66015625,14539.599609375,14895.33984375,1961.28698730469,514.47998046875,3711.02001953125
2000-11-30,1314.94995117188,2597.92993164062,10414.490234375,6142.2001953125,6372.330078125,5928.080078125,14648.509765625,13984.3896484375,2070.61303710938,509.230010986328,3997.98999023438
2000-12-31,1320.28002929688,2470.52001953125,10787.990234375,6222.5,6433.60986328125,5926.419921875,13785.6904296875,15095.5302734375,2073.47705078125,NA,3972.1201171875
2001-01-31,1366.01000976562,2772.72998046875,10887.3603515625,6297.5,6795.14013671875,5998.490234375,13843.5498046875,16102.349609375,NA,617.909973144531,4326.72021484375
2001-02-28,1239.93994140625,2151.830078125,10495.2802734375,5917.89990234375,6208.240234375,5367.47998046875,12883.5400390625,14787.8701171875,1959.18005371094,578.099975585938,4247.0400390625
2001-03-31,1160.32995605469,1840.26000976562,9878.7802734375,5633.7001953125,5829.9501953125,5180.4501953125,12999.7001953125,12760.6396484375,2112.77490234375,523.219970703125,3604.3798828125
2001-04-30,1249.4599609375,2116.23999023438,10734.9697265625,5967,6264.509765625,5640.02978515625,NA,NA,2119.18408203125,577.359985351562,3519.15991210938
2001-05-31,1255.81994628906,2110.48999023438,10911.9404296875,5796.2001953125,6123.259765625,5454.18994140625,13262.1396484375,13174.41015625,2214.25708007812,612.159973144531,3631.90991210938
2001-06-30,1224.38000488281,2160.5400390625,10502.400390625,5642.5,6058.3798828125,5225.330078125,12969.0498046875,13042.5302734375,2218.02905273438,595.130004882812,3456.78002929688
2001-07-31,1211.22998046875,2027.13000488281,10522.8095703125,5529.10009765625,5861.18994140625,5085.509765625,11860.76953125,12316.6904296875,1920.31799316406,541.549987792969,3329.28002929688
2001-08-31,1133.57995605469,1805.43005371094,9949.75,5345,5188.169921875,4689.33984375,10713.509765625,11090.48046875,1834.13793945312,545.109985351562,3244.94995117188
2001-09-30,1040.93994140625,1498.80004882812,8847.5595703125,4903.39990234375,4308.14990234375,4079.02001953125,9774.6796875,9950.7001953125,1764.86694335938,479.679992675781,2811.60009765625
2001-10-31,1059.78002929688,1690.19995117188,9075.1396484375,5039.7001953125,4559.1298828125,4341.2900390625,10366.33984375,10073.9697265625,1689.17004394531,537.809997558594,2989.35009765625
2001-11-30,1139.44995117188,1930.57995605469,9851.5595703125,5203.60009765625,4989.91015625,4476.06005859375,10697.4404296875,11279.25,1747.99304199219,643.890014648438,NA
2001-12-31,1148.07995605469,1950.40002441406,10021.5703125,5217.39990234375,NA,NA,NA,11397.2099609375,1645.97094726562,NA,3262.330078125
2002-01-31,1130.19995117188,1934.03002929688,9920,5164.7998046875,5107.60986328125,4461.8701171875,9997.7998046875,10725.2998046875,1491.6650390625,748.070007324219,3311.03002929688
2002-02-28,1106.72998046875,1731.48999023438,10106.1298828125,5101,5039.080078125,4462.990234375,10587.830078125,10482.5498046875,1524.70104980469,819.989990234375,3562.31005859375
2002-03-31,1147.39001464844,1845.34997558594,10403.9404296875,NA,NA,NA,11024.9404296875,NA,1603.90502929688,895.580017089844,NA
2002-04-30,1076.92004394531,1688.22998046875,9946.2197265625,5165.60009765625,5041.2001953125,4462.740234375,11492.5400390625,11497.580078125,1667.7490234375,842.340026855469,3338.15991210938
2002-05-31,1067.14001464844,1615.72998046875,9925.25,5085.10009765625,4818.2998046875,4274.64013671875,11763.7001953125,11301.9404296875,1515.73303222656,796.400024414062,3125.72998046875
2002-06-30,989.820007324219,1463.2099609375,9243.259765625,4656.39990234375,4382.56005859375,3897.98999023438,10621.83984375,10598.5498046875,1732.75500488281,742.719970703125,3244.69995117188
2002-07-31,911.619995117188,1328.26000976562,8736.58984375,4246.2001953125,3700.13989257812,3415.3798828125,9877.9404296875,10267.3603515625,1651.59399414062,717.989990234375,2987.64990234375
2002-08-31,916.070007324219,1314.84997558594,8663.5,4227.2998046875,3712.93994140625,3366.2099609375,9619.2998046875,10043.8701171875,1666.61804199219,736.400024414062,3181.22998046875
2002-09-30,815.280029296875,1172.06005859375,7591.93017578125,3721.80004882812,2769.03002929688,2777.44995117188,9383.2900390625,9072.2099609375,NA,646.419982910156,2991.36010742188
2002-10-31,885.760009765625,1329.75,8397.0302734375,4039.69995117188,3152.85009765625,3150.0400390625,8640.48046875,9441.25,1507.49597167969,658.919982910156,2949.32006835938
2002-11-30,936.309997558594,1478.78002929688,8896.08984375,4169.39990234375,3320.32006835938,3326.64990234375,9215.5595703125,10069.8701171875,1434.18200683594,724.799987792969,3228.82006835938
2002-12-31,879.820007324219,1335.51000976562,8341.6298828125,3940.39990234375,NA,3063.90991210938,NA,9321.2900390625,1357.65405273438,NA,3377.28002929688
2003-01-31,855.700012207031,1320.91003417969,8053.81005859375,3567.39990234375,2747.830078125,2937.8798828125,8339.9404296875,NA,NA,NA,3250.3798828125
2003-02-28,841.150024414062,1337.52001953125,7891.080078125,3655.60009765625,2547.05004882812,2754.07006835938,8363.0400390625,9122.66015625,1511.93200683594,575.429992675781,3283.65991210938
2003-03-31,848.179992675781,1341.17004394531,7992.1298828125,3613.30004882812,2423.8701171875,2618.4599609375,7972.7099609375,8634.4501953125,1510.57800292969,535.700012207031,3048.71997070312
2003-04-30,916.919982910156,1464.31005859375,8480.08984375,3926,2942.0400390625,2953.669921875,7831.419921875,8717.2197265625,1521.44396972656,599.349975585938,2959.7900390625
2003-05-31,963.590026855469,1595.91003417969,8850.259765625,4048.10009765625,2982.67993164062,2991.75,8424.509765625,9487.3798828125,1576.26098632812,633.419982910156,3180.75
2003-06-30,974.5,1622.80004882812,8985.4404296875,4031.19995117188,3220.580078125,3084.10009765625,9083.1103515625,9577.1201171875,1486.02404785156,669.929992675781,3607.1298828125
2003-07-31,990.309997558594,1735.02001953125,9233.7998046875,4157,3487.86010742188,3210.27001953125,9563.2099609375,10134.830078125,1476.74194335938,713.52001953125,3792.61010742188
2003-08-31,1008.01000976562,1810.44995117188,9415.8203125,4161.10009765625,3484.580078125,3311.419921875,10343.5498046875,10908.990234375,1421.98303222656,759.469970703125,4244.72998046875
2003-09-30,995.969970703125,1786.93994140625,9275.0595703125,4091.30004882812,3256.78002929688,3134.98999023438,10219.0498046875,11229.8701171875,1367.16101074219,697.52001953125,4453.240234375
2003-10-31,1050.7099609375,1932.2099609375,9801.1201171875,4287.60009765625,3655.98999023438,3373.19995117188,10559.58984375,12190.099609375,1348.30297851562,782.359985351562,4906.8701171875
2003-11-30,1058.19995117188,1960.26000976562,9782.4599609375,4342.60009765625,3745.94995117188,3424.7900390625,10100.5703125,12317.4697265625,1397.22497558594,796.179992675781,5044.81982421875
2003-12-31,1111.92004394531,2003.36999511719,10453.919921875,4476.89990234375,NA,3557.89990234375,NA,12575.9404296875,1497.0439453125,NA,5838.9599609375
2004-01-31,1131.13000488281,2066.14990234375,10488.0703125,4390.7001953125,4058.60009765625,3638.43994140625,10783.6103515625,13289.3701171875,1590.72900390625,848.5,5695.669921875
2004-02-29,1144.93994140625,2029.81994628906,10583.919921875,4492.2001953125,4018.15991210938,3725.43994140625,11041.919921875,13907.0302734375,1675.06701660156,883.419982910156,5667.509765625
2004-03-31,1126.2099609375,1994.21997070312,10357.7001953125,4385.7001953125,3856.69995117188,3625.22998046875,11715.3896484375,12681.669921875,1741.623046875,880.5,5590.60009765625
2004-04-30,1107.30004882812,1920.15002441406,10225.5703125,4489.7001953125,3985.2099609375,3674.28002929688,11761.7900390625,11942.9599609375,1595.58703613281,862.840026855469,5655.08984375
2004-05-31,1120.68005371094,1986.73999023438,10188.4501953125,NA,3921.40991210938,3669.6298828125,11236.3701171875,12198.240234375,1555.90600585938,803.840026855469,4759.6201171875
2004-06-30,1140.83996582031,2047.7900390625,10435.48046875,4464.10009765625,4052.72998046875,3732.98999023438,11858.8701171875,12285.75,1399.16198730469,785.789978027344,4795.4599609375
2004-07-31,1101.71997070312,1887.35998535156,10139.7099609375,4413.10009765625,3895.61010742188,3647.10009765625,11325.7802734375,12238.0302734375,1386.20202636719,735.340026855469,5170.31982421875
2004-08-31,1104.23999023438,1838.09997558594,10173.919921875,4459.2998046875,3785.2099609375,3594.28002929688,11081.7900390625,12850.2802734375,1342.06201171875,803.570007324219,5192.080078125
2004-09-30,1114.57995605469,1896.83996582031,10080.26953125,4570.7998046875,3892.89990234375,3640.61010742188,10823.5703125,13120.0302734375,1396.69995117188,835.090026855469,5583.60986328125
2004-10-31,1130.19995117188,1974.98999023438,10027.4697265625,4624.2001953125,3960.25,3706.82006835938,10771.419921875,13054.66015625,1320.53601074219,834.840026855469,5672.27001953125
2004-11-30,1173.81994628906,2096.81005859375,10428.01953125,4703.2001953125,4126,3753.75,10899.25,14060.0498046875,1340.77099609375,878.059997558594,6234.2900390625
2004-12-31,1211.92004394531,2175.43994140625,10783.009765625,4814.2998046875,NA,3821.15991210938,NA,14230.1396484375,1266.49597167969,NA,6602.68994140625
2005-01-31,1181.27001953125,2062.40991210938,10489.9404296875,4852.2998046875,4254.85009765625,3913.68994140625,11387.58984375,13721.6904296875,1191.82299804688,932.700012207031,6555.93994140625
2005-02-28,1203.59997558594,2051.71997070312,10766.23046875,4968.5,4350.490234375,4027.15991210938,11740.599609375,14195.349609375,1306.00305175781,1011.35998535156,6713.85986328125
2005-03-31,1180.58996582031,1999.22998046875,10503.759765625,4894.39990234375,4348.77001953125,4067.78002929688,11668.9501953125,13516.8798828125,1181.23596191406,965.679992675781,6492.81982421875
2005-04-30,1156.84997558594,1921.65002441406,10192.509765625,4801.7001953125,4184.83984375,3911.7099609375,NA,13908.9697265625,1159.14599609375,911.299987792969,6154.43994140625
2005-05-31,1191.5,2068.21997070312,10467.48046875,4964,4460.6298828125,4120.72998046875,11276.58984375,13867.0703125,1060.73803710938,970.210021972656,6715.10986328125
2005-06-30,1191.32995605469,2056.9599609375,10274.9697265625,5113.2001953125,4586.27978515625,4229.35009765625,11584.009765625,14201.0595703125,1080.93798828125,1008.15997314453,7193.85009765625
2005-07-31,1234.18005371094,2184.830078125,10640.91015625,5282.2998046875,4886.5,4451.740234375,11899.599609375,14880.98046875,1083.03295898438,1111.2900390625,7635.419921875
2005-08-31,1220.32995605469,2152.09008789062,10481.599609375,5296.89990234375,4829.68994140625,4399.35986328125,12413.599609375,14903.5498046875,1162.79797363281,1083.32995605469,7805.43017578125
2005-09-30,1228.81005859375,2151.68994140625,10568.7001953125,5477.7001953125,5044.1201171875,4600.02001953125,13574.2998046875,15428.51953125,1155.61401367188,1221.01000976562,8634.48046875
2005-10-31,1207.01000976562,2120.30004882812,10440.0703125,5317.2998046875,4929.06982421875,4436.4501953125,13606.5,14386.3701171875,1092.81701660156,1158.10998535156,7892.31982421875
2005-11-30,1249.47998046875,2232.82006835938,10805.8701171875,5423.2001953125,5193.39990234375,4567.41015625,14872.150390625,14937.1396484375,1099.26098632812,1297.43994140625,8788.8095703125
2005-12-31,1248.2900390625,2205.32006835938,10717.5,5618.7998046875,5408.259765625,4715.22998046875,16111.4296875,14876.4296875,1161.05700683594,1379.36999511719,9397.9296875
2006-01-31,1280.07995605469,2305.82006835938,10864.8603515625,5760.2998046875,5674.14990234375,4947.990234375,16649.8203125,15753.1396484375,1258.04602050781,1399.82995605469,9919.8896484375
2006-02-28,1280.66003417969,2281.38989257812,10993.41015625,5791.5,5796.0400390625,5000.4501953125,16205.4296875,15918.48046875,1299.03002929688,1371.58996582031,10370.240234375
2006-03-31,1294.86999511719,2339.7900390625,11109.3203125,5964.60009765625,5970.080078125,5220.85009765625,17059.66015625,15805.0400390625,1298.29504394531,1359.59997558594,11279.9599609375
2006-04-30,1310.60998535156,2322.57006835938,11367.1396484375,6023.10009765625,6009.89013671875,5188.39990234375,16906.23046875,16661.30078125,1440.22302246094,1419.72998046875,11851.9296875
2006-05-31,1270.08996582031,2178.8798828125,11168.3095703125,5723.7998046875,5692.85986328125,4930.18017578125,15467.330078125,15857.8896484375,1641.30004882812,NA,10398.6103515625
2006-06-30,1270.19995117188,2172.09008789062,11150.2197265625,5833.39990234375,5683.31005859375,4965.9599609375,15505.1796875,16267.6201171875,1672.21105957031,1295.15002441406,10609.25
2006-07-31,1276.66003417969,2091.46997070312,11185.6796875,5928.2998046875,5681.97021484375,5009.419921875,15456.8095703125,16971.33984375,1612.73303222656,1297.81994628906,10743.8798828125
2006-08-31,1303.81994628906,2183.75,11381.150390625,5906.10009765625,5859.56982421875,5165.0400390625,16140.759765625,17392.26953125,1658.63793945312,1352.73999023438,11699.0498046875
2006-09-30,1335.84997558594,2258.42993164062,11679.0703125,5960.7998046875,6004.330078125,5250.009765625,16127.580078125,17543.05078125,1752.42395019531,1371.41003417969,12454.419921875
2006-10-31,1377.93994140625,2366.7099609375,12080.73046875,6129.2001953125,6268.919921875,5348.72998046875,16399.390625,18324.349609375,1837.99304199219,1364.55004882812,12961.900390625
2006-11-30,1400.63000488281,2431.77001953125,12221.9296875,6048.89990234375,6309.18994140625,5327.64013671875,16274.330078125,18960.48046875,2099.2890625,1432.2099609375,13696.3095703125
2006-12-31,1418.30004882812,2415.2900390625,12463.150390625,6220.7998046875,6596.919921875,5541.759765625,17225.830078125,19964.720703125,2675.47412109375,1434.4599609375,13786.91015625
2007-01-31,1438.23999023438,2463.92993164062,12621.6904296875,6203.10009765625,6789.10986328125,5608.31005859375,17383.419921875,20106.419921875,2786.3349609375,1360.22998046875,14090.919921875
2007-02-28,1406.81994628906,2416.14990234375,12268.6298828125,6171.5,6715.43994140625,5516.31982421875,17604.119140625,19651.509765625,2881.07299804688,1417.33996582031,12938.08984375
2007-03-31,1420.85998535156,2421.63989257812,12354.349609375,6308,6917.02978515625,5634.16015625,17287.650390625,19800.9296875,3183.98291015625,1452.55004882812,13072.099609375
2007-04-30,1482.36999511719,2525.09008789062,13062.91015625,6449.2001953125,7408.8701171875,5960.0400390625,17400.41015625,20318.98046875,3841.27197265625,1542.23999023438,13872.3701171875
2007-05-31,1530.61999511719,2604.52001953125,13627.6396484375,6621.5,7883.0400390625,6104,17875.75,20634.470703125,4109.65380859375,1700.91003417969,14544.4599609375
2007-06-30,1503.34997558594,2603.22998046875,13408.6201171875,6607.89990234375,8007.31982421875,6054.93017578125,18138.359375,21772.73046875,3820.70288085938,1743.59997558594,14650.509765625
2007-07-31,1455.27001953125,2546.27001953125,13211.990234375,6360.10009765625,7584.14013671875,5751.080078125,17248.890625,23184.939453125,4471.0322265625,1933.27001953125,15550.990234375
2007-08-31,1473.98999023438,2596.36010742188,13357.740234375,6303.2998046875,7638.169921875,5662.7001953125,16569.08984375,23984.140625,5218.8251953125,1873.23999023438,15318.599609375
2007-09-30,1526.75,2701.5,13895.6298828125,6466.7998046875,7861.509765625,5715.68994140625,16785.689453125,27142.470703125,5552.30078125,1946.47998046875,17291.099609375
2007-10-31,1549.38000488281,2859.1201171875,13930.009765625,6721.60009765625,8019.22021484375,5847.9501953125,16737.630859375,31352.580078125,5954.76513671875,2064.85009765625,19837.990234375
2007-11-30,1481.14001464844,2660.9599609375,13371.7197265625,6432.5,7870.52001953125,5670.56982421875,15680.669921875,28643.609375,4871.77783203125,1906,19363.189453125
2007-12-31,1468.35998535156,2652.28002929688,13264.8203125,6456.89990234375,8067.31982421875,5614.080078125,15307.7802734375,27812.650390625,5261.56298828125,1897.13000488281,20286.990234375
2008-01-31,1378.55004882812,2389.86010742188,12650.3603515625,5879.7998046875,6851.75,4869.7900390625,13592.4697265625,23455.740234375,4383.39306640625,1624.68005371094,17648.7109375
2008-02-29,1330.63000488281,2271.47998046875,12266.3896484375,5884.2998046875,6748.1298828125,4790.66015625,13603.01953125,24331.669921875,4348.54296875,1711.61999511719,17578.720703125
2008-03-31,1322.69995117188,2279.10009765625,12262.8896484375,5702.10009765625,6534.97021484375,4707.06982421875,12525.5400390625,22849.19921875,3472.712890625,1703.98999023438,15644.4404296875
2008-04-30,1385.58996582031,2412.80004882812,12820.1298828125,6087.2998046875,6948.81982421875,4996.5400390625,13849.990234375,25755.349609375,3693.10595703125,1825.46997070312,17287.310546875
2008-05-31,1400.38000488281,2522.65991210938,12638.3203125,6053.5,7096.7900390625,5014.27978515625,14338.5400390625,24533.119140625,3433.35400390625,1852.02001953125,16415.5703125
2008-06-30,1280,2292.97998046875,11350.009765625,5625.89990234375,6418.31982421875,4434.85009765625,13481.3798828125,22102.009765625,2736.10302734375,1674.92004394531,13461.599609375
2008-07-31,1267.38000488281,2325.55004882812,11378.01953125,5411.89990234375,6479.56005859375,4392.35986328125,13376.8095703125,22731.099609375,2775.71704101562,1594.67004394531,14355.75
2008-08-31,1282.82995605469,2367.52001953125,11543.9599609375,5636.60009765625,6422.2998046875,4482.60009765625,13072.8701171875,21261.890625,2397.36889648438,1474.23999023438,14564.5302734375
2008-09-30,1166.35998535156,2091.8798828125,10850.66015625,4902.5,5831.02001953125,4032.10009765625,11259.8603515625,18016.2109375,2293.78393554688,1448.06005859375,12860.4296875
2008-10-31,968.75,1720.94995117188,9325.009765625,4377.2998046875,4987.97021484375,3487.07006835938,8576.98046875,13968.669921875,1728.78601074219,1113.06005859375,9788.0595703125
2008-11-30,896.239990234375,1535.56994628906,8829.0400390625,4288,4669.43994140625,3262.67993164062,8512.26953125,13888.240234375,1871.15600585938,1076.06994628906,9092.7197265625
2008-12-31,903.25,1577.03002929688,8776.3896484375,4434.2001953125,4810.2001953125,3217.96997070312,8859.5595703125,14387.48046875,1820.80505371094,NA,9647.3095703125
2009-01-31,825.880004882812,1476.42004394531,8000.85986328125,4149.60009765625,4338.35009765625,2973.919921875,7994.0498046875,13278.2099609375,1990.65698242188,1162.10998535156,9424.240234375
2009-02-28,735.090026855469,1377.83996582031,7062.93017578125,3830.10009765625,3843.73999023438,2702.47998046875,7568.419921875,12811.5703125,2082.85205078125,1063.03002929688,8891.6103515625
2009-03-31,797.869995117188,1528.58996582031,7608.919921875,3926.10009765625,4084.76000976562,2807.34008789062,8109.52978515625,13576.01953125,2373.212890625,1206.26000976562,9708.5
2009-04-30,872.809997558594,1717.30004882812,8168.1201171875,4243.7001953125,4769.4501953125,3159.85009765625,8828.259765625,15520.990234375,2477.56909179688,1369.35998535156,NA
2009-05-31,919.140014648438,1774.32995605469,8500.330078125,4417.89990234375,4940.81982421875,3277.64990234375,9522.5,18171,2632.92993164062,1395.89001464844,14625.25
2009-06-30,919.320007324219,1835.0400390625,8447,4249.2001953125,4808.64013671875,3140.43994140625,9958.4404296875,18378.73046875,2959.36206054688,1390.06994628906,14493.83984375
2009-07-31,987.47998046875,1978.5,9171.6103515625,4608.39990234375,5332.14013671875,3426.27001953125,10356.830078125,20573.330078125,3412.06201171875,1557.2900390625,15670.3095703125
2009-08-31,1020.61999511719,2009.06005859375,9496.2802734375,4908.89990234375,5464.60986328125,3653.5400390625,10492.5302734375,19724.189453125,2667.7451171875,1591.84997558594,15666.6396484375
2009-09-30,1057.07995605469,2122.419921875,9712.2802734375,5133.89990234375,5675.16015625,3795.40991210938,10133.23046875,20955.25,2779.42602539062,1673.14001464844,17126.83984375
2009-10-31,1036.18994140625,2045.10998535156,9712.73046875,5044.60009765625,5414.9599609375,3607.68994140625,10034.740234375,21752.869140625,2995.84790039062,1580.68994140625,15896.2802734375
2009-11-30,1095.63000488281,2144.60009765625,10344.83984375,5190.7001953125,5625.9501953125,3680.14990234375,9345.5498046875,21821.5,3195.30102539062,1555.59997558594,16926.220703125
2009-12-31,1115.09997558594,2269.14990234375,10428.0498046875,5412.89990234375,5957.43017578125,3936.330078125,10546.4404296875,21872.5,3277.13891601562,1682.77001953125,17464.810546875
2010-01-31,1073.86999511719,2147.35009765625,10067.330078125,5188.5,5608.7900390625,3739.4599609375,10198.0400390625,20121.990234375,2989.2919921875,1602.43005371094,16357.9599609375
2010-02-28,1104.48999023438,2238.26000976562,10325.259765625,5354.5,5598.4599609375,3708.80004882812,10126.0302734375,20608.69921875,3051.94311523438,1594.57995605469,16429.55078125
2010-03-31,1169.43005371094,2397.9599609375,10856.6298828125,5679.60009765625,6153.5498046875,3974.01000976562,11089.9404296875,21239.349609375,3109.10498046875,1692.84997558594,17527.76953125
2010-04-30,1186.68994140625,2461.18994140625,11008.6103515625,5553.2998046875,6135.7001953125,3816.98999023438,11057.400390625,21108.58984375,2870.61108398438,1741.56005859375,17558.7109375
2010-05-31,1089.41003417969,2257.0400390625,10136.6298828125,5188.39990234375,5964.330078125,3507.56005859375,9768.7001953125,19765.189453125,2592.14599609375,1641.25,16944.630859375
2010-06-30,1030.7099609375,2109.23999023438,9774.01953125,4916.89990234375,5965.52001953125,3442.88989257812,9382.6396484375,20128.990234375,2398.3701171875,1698.2900390625,17700.900390625
2010-07-31,1101.59997558594,2254.69995117188,10465.9404296875,5258,6147.97021484375,3643.13989257812,9537.2998046875,21029.810546875,2637.5029296875,1759.32995605469,17868.2890625
2010-08-31,1049.32995605469,2114.03002929688,10014.7197265625,5225.2001953125,5925.22021484375,3490.7900390625,8824.0595703125,20536.490234375,2638.79809570312,1742.75,17971.119140625
2010-09-30,1141.19995117188,2368.6201171875,10788.0498046875,5548.60009765625,6229.02001953125,3715.17993164062,9369.349609375,22358.169921875,2655.65795898438,1872.81005859375,20069.119140625
2010-10-31,1183.26000976562,2507.40991210938,11118.490234375,5675.2001953125,6601.3701171875,3833.5,9202.4501953125,23096.3203125,2978.8349609375,1882.94995117188,20032.33984375
2010-11-30,1180.55004882812,2498.22998046875,11006.01953125,5528.2998046875,6688.490234375,3610.43994140625,9937.0400390625,23007.990234375,2820.18090820312,1904.63000488281,19521.25
2010-12-31,1257.64001464844,2652.8701171875,11577.509765625,5899.89990234375,6914.18994140625,3850.76000976562,10228.919921875,23035.44921875,2808.07690429688,2051,20509.08984375
2011-01-31,1286.11999511719,2700.080078125,11891.9296875,5862.89990234375,7077.47998046875,4005.5,10237.919921875,23447.33984375,2790.69409179688,2069.72998046875,18327.759765625
2011-02-28,1327.21997070312,2782.27001953125,12226.33984375,5994,7272.31982421875,4110.35009765625,10624.08984375,23338.01953125,2905.05297851562,1939.30004882812,17823.400390625
2011-03-31,1325.82995605469,2781.07006835938,12319.73046875,5908.7998046875,7041.31005859375,3989.17993164062,9755.099609375,23527.51953125,2928.11108398438,2106.69995117188,19445.220703125
2011-04-30,1363.60998535156,2873.5400390625,12810.5400390625,NA,7514.4599609375,4106.919921875,9849.740234375,23720.810546875,2911.51000976562,2192.36010742188,19135.9609375
2011-05-31,1345.19995117188,2835.30004882812,12569.7900390625,5990,7293.68994140625,4006.93994140625,9693.73046875,23684.130859375,2743.47192382812,2142.46997070312,18503.279296875
2011-06-30,1320.64001464844,2773.52001953125,12414.33984375,5945.7001953125,7376.240234375,3982.2099609375,9816.08984375,22398.099609375,2762.07592773438,2100.68994140625,18845.869140625
2011-07-31,1292.28002929688,2756.3798828125,12143.240234375,5815.2001953125,7158.77001953125,3672.77001953125,9833.0302734375,22440.25,2701.72900390625,2133.2099609375,18197.19921875
2011-08-31,1218.89001464844,2579.4599609375,11613.5302734375,5394.5,5784.85009765625,3256.76000976562,8955.2001953125,20534.849609375,2567.34008789062,1880.10998535156,16676.75
2011-09-30,1131.42004394531,2415.39990234375,10913.3798828125,5128.5,5502.02001953125,2981.9599609375,8700.2900390625,17592.41015625,2359.21899414062,1769.65002441406,16453.759765625
2011-10-31,1253.30004882812,2684.40991210938,11955.009765625,5544.2001953125,6141.33984375,3242.84008789062,8988.3896484375,19864.869140625,2468.25,1909.03002929688,17705.009765625
2011-11-30,1246.9599609375,2620.34008789062,12045.6796875,5505.39990234375,6088.83984375,3154.6201171875,8434.6103515625,17989.349609375,2333.4140625,1847.51000976562,16123.4599609375
2011-12-31,1257.59997558594,2605.14990234375,12217.5595703125,5572.2998046875,5898.35009765625,3159.81005859375,8455.349609375,NA,2199.4169921875,1825.73999023438,15454.919921875
2012-01-31,1312.41003417969,2813.84008789062,12632.91015625,5681.60009765625,6458.91015625,3298.55004882812,8802.509765625,20390.490234375,2292.61010742188,1955.7900390625,17193.55078125
2012-02-29,1365.68005371094,2966.88989257812,12952.0703125,5871.5,6856.080078125,3452.44995117188,9723.240234375,21680.080078125,2428.48706054688,2030.25,17752.6796875
2012-03-31,1408.46997070312,3091.57006835938,13212.0400390625,5768.5,6946.830078125,3423.81005859375,10083.5595703125,20555.580078125,2262.7880859375,2014.0400390625,17404.19921875
2012-04-30,1397.91003417969,3046.36010742188,13213.6298828125,5737.7998046875,6761.18994140625,3212.80004882812,9520.8896484375,21094.2109375,2396.31591796875,1981.98999023438,17318.810546875
2012-05-31,1310.32995605469,2827.34008789062,12393.4501953125,5320.89990234375,6264.3798828125,3017.01000976562,8542.73046875,18629.51953125,2372.23388671875,1843.46997070312,16218.5302734375
2012-06-30,1362.16003417969,2935.05004882812,12880.08984375,5571.2001953125,6416.27978515625,3196.64990234375,9006.7802734375,19441.4609375,2225.42993164062,1854.01000976562,17429.98046875
2012-07-31,1379.31994628906,2939.52001953125,13008.6796875,5635.2998046875,6772.259765625,3291.65991210938,8695.0595703125,19796.810546875,2103.63500976562,1881.98999023438,17236.1796875
2012-08-31,1406.57995605469,3066.9599609375,13090.83984375,5711.5,6970.7900390625,3413.07006835938,8839.91015625,19482.5703125,2047.52197265625,1905.11999511719,17380.75
2012-09-30,1440.67004394531,3116.22998046875,13437.1298828125,5742.10009765625,7216.14990234375,3354.82006835938,8870.16015625,20840.380859375,2086.1689453125,1996.2099609375,18762.740234375
2012-10-31,1412.16003417969,2977.22998046875,13096.4599609375,5782.7001953125,7260.6298828125,3429.27001953125,8928.2900390625,21641.8203125,2068.8798828125,1912.06005859375,18505.380859375
2012-11-30,1416.18005371094,3010.23999023438,13025.580078125,5866.7998046875,7405.5,3557.28002929688,9446.009765625,22030.390625,1980.11694335938,1932.90002441406,19339.900390625
2012-12-31,1426.18994140625,3019.51000976562,13104.1396484375,5897.7998046875,7612.39013671875,3620.25,10395.1796875,22656.919921875,2269.1279296875,1997.05004882812,19426.7109375
2013-01-31,1498.10998535156,3142.1298828125,13860.580078125,6276.89990234375,7776.0498046875,3732.60009765625,11138.66015625,23729.529296875,2385.42211914062,1961.93994140625,19894.98046875
2013-02-28,1514.68005371094,3160.18994140625,14054.490234375,6360.7998046875,7741.7001953125,3723,11559.3603515625,23020.26953125,2365.59301757812,2026.48999023438,18861.5390625
2013-03-31,1569.18994140625,3267.52001953125,14578.5400390625,6411.7001953125,7795.31005859375,3731.419921875,12397.91015625,22299.630859375,2236.62109375,2004.89001464844,18835.76953125
2013-04-30,1597.56994628906,3328.7900390625,14839.7998046875,6430.10009765625,7913.7099609375,3856.75,13860.8603515625,22737.009765625,2177.912109375,1963.94995117188,19504.1796875
2013-05-31,1630.73999023438,3455.90991210938,15115.5703125,6583.10009765625,8348.83984375,3948.59008789062,13774.5400390625,22392.16015625,2300.59497070312,2001.05004882812,19760.30078125
2013-06-30,1606.28002929688,3403.25,14909.599609375,6215.5,7959.22021484375,3738.90991210938,13677.3203125,20803.2890625,1979.2060546875,1863.31994628906,19395.810546875
2013-07-31,1685.72998046875,3626.3701171875,15499.5400390625,6621.10009765625,8275.9697265625,3992.68994140625,13668.3203125,21883.66015625,1993.79895019531,1914.03002929688,19345.69921875
2013-08-31,1632.96997070312,3589.8701171875,14810.3095703125,6412.89990234375,8103.14990234375,3933.78002929688,13388.8603515625,21731.369140625,2098.38208007812,1926.35998535156,18619.720703125
2013-09-30,1681.55004882812,3771.47998046875,15129.669921875,6462.2001953125,8594.400390625,4143.43994140625,14455.7998046875,22859.859375,2174.6650390625,1996.9599609375,19379.76953125
2013-10-31,1756.5400390625,3919.7099609375,15545.75,6731.39990234375,9033.919921875,4299.89013671875,14327.9404296875,23206.369140625,2141.61401367188,2030.08996582031,21164.51953125
2013-11-30,1805.81005859375,4059.88989257812,16086.41015625,6650.60009765625,9405.2998046875,4295.2099609375,15661.8701171875,23881.2890625,2220.50390625,2044.86999511719,20791.9296875
2013-12-31,1848.35998535156,4176.58984375,16576.66015625,6749.10009765625,9552.16015625,4295.9501953125,16291.3095703125,23306.390625,2115.97802734375,2011.33996582031,21170.6796875
2014-01-31,1782.58996582031,4103.8798828125,15698.849609375,6510.39990234375,9306.48046875,4165.72021484375,14914.5302734375,22035.419921875,2033.0830078125,1941.15002441406,20513.849609375
2014-02-28,1859.44995117188,4308.1201171875,16321.7099609375,6809.7001953125,9692.080078125,4408.080078125,14841.0703125,22836.9609375,2056.30200195312,1979.98999023438,21120.119140625
2014-03-31,1872.33996582031,4198.990234375,16457.66015625,6598.39990234375,9555.91015625,4391.5,14827.830078125,22151.060546875,2033.30603027344,1985.60998535156,22386.26953125
2014-04-30,1883.94995117188,4114.56005859375,16580.83984375,6780,9603.23046875,4487.39013671875,14304.1103515625,22133.970703125,2026.35803222656,1961.7900390625,22417.80078125
2014-05-31,1923.56994628906,4242.6201171875,16717.169921875,6844.5,9943.26953125,4519.56982421875,14632.3798828125,23081.650390625,2039.21203613281,1994.9599609375,24217.33984375
2014-06-30,1960.22998046875,4408.18017578125,16826.599609375,6743.89990234375,9833.0703125,4422.83984375,15162.099609375,23190.720703125,2048.32690429688,2002.2099609375,25413.779296875
2014-07-31,1930.67004394531,4369.77001953125,16563.30078125,6730.10009765625,9407.48046875,4246.14013671875,15620.76953125,24756.849609375,2201.56201171875,2076.1201171875,25894.970703125
2014-08-31,2003.36999511719,4580.27001953125,17098.44921875,6819.7998046875,9470.169921875,4381.0400390625,15424.58984375,24742.060546875,2217.19995117188,2068.5400390625,26638.109375
2014-09-30,1972.2900390625,4493.39013671875,17042.900390625,6622.7001953125,9474.2998046875,4416.240234375,16173.51953125,22932.98046875,2363.8701171875,2020.08996582031,26630.509765625
2014-10-31,2018.05004882812,4630.740234375,17390.51953125,6546.5,9326.8701171875,4233.08984375,16413.759765625,23998.060546875,2420.17797851562,1964.43005371094,27865.830078125
2014-11-30,2067.56005859375,4791.6298828125,17828.240234375,6722.60009765625,9980.849609375,4390.18017578125,17459.849609375,23987.44921875,2682.9189453125,1980.78002929688,28693.990234375
2014-12-31,2058.89990234375,4736.0498046875,17823.0703125,6566.10009765625,9805.5498046875,4272.75,17450.76953125,23605.0390625,3234.67700195312,1915.58996582031,27499.419921875
2015-01-31,1994.98999023438,4635.240234375,17164.94921875,6749.39990234375,10694.3203125,4604.25,17674.390625,24507.05078125,3210.36303710938,1949.26000976562,29182.94921875
2015-02-28,2104.5,4963.52978515625,18132.69921875,6946.7001953125,11401.66015625,4951.47998046875,18797.939453125,24823.2890625,3310.30297851562,1985.80004882812,NA
2015-03-31,2067.88989257812,4900.8798828125,17776.119140625,6773,11966.169921875,5033.64013671875,19206.990234375,24900.890625,3747.89892578125,2041.03002929688,27957.490234375
2015-04-30,2085.51000976562,4941.419921875,17840.51953125,6960.60009765625,11454.3798828125,5046.490234375,19520.009765625,28133,4441.65478515625,2127.169921875,27011.310546875
2015-05-31,2107.38989257812,5070.02978515625,18010.6796875,6984.39990234375,11413.8203125,5007.89013671875,20563.150390625,27424.189453125,4611.744140625,2114.80004882812,27828.439453125
2015-06-30,2063.11010742188,4986.8701171875,17619.509765625,6521,10944.9697265625,4790.2001953125,20235.73046875,26250.029296875,4277.22216796875,2074.19995117188,27780.830078125
2015-07-31,2103.84008789062,5128.27978515625,17689.859375,6696.2998046875,11308.990234375,5082.60986328125,20585.240234375,24636.279296875,3663.72607421875,2030.16003417969,28114.560546875
2015-08-31,1972.18005371094,4776.509765625,16528.029296875,6247.89990234375,10259.4599609375,4652.9501953125,18890.48046875,21670.580078125,3205.98608398438,1941.48999023438,26283.08984375
2015-09-30,1920.03002929688,4620.16015625,16284.7001953125,6061.60009765625,9660.4404296875,4455.2900390625,17388.150390625,20846.30078125,3052.78100585938,1962.81005859375,26154.830078125
2015-10-31,2079.36010742188,5053.75,17663.5390625,6361.10009765625,10850.1396484375,4897.66015625,19083.099609375,22640.0390625,3382.56103515625,2029.46997070312,26656.830078125
2015-11-30,2080.40991210938,5108.669921875,17719.919921875,6356.10009765625,11382.23046875,4957.60009765625,19747.470703125,21996.419921875,3445.40502929688,1991.96997070312,26145.669921875
2015-12-31,2043.93994140625,5007.41015625,17425.029296875,6242.2998046875,10743.009765625,4677.14013671875,19033.7109375,21914.400390625,3539.18188476562,1961.31005859375,26117.5390625
2016-01-31,1940.23999023438,4613.9501953125,16466.30078125,6083.7998046875,9798.1103515625,4417.02001953125,17518.30078125,19683.109375,2737.60009765625,1912.06005859375,24870.689453125
2016-02-29,1932.22998046875,4557.9501953125,16516.5,6097.10009765625,9495.400390625,4353.5498046875,16026.759765625,19111.9296875,2687.97900390625,1916.66003417969,23002
2016-03-31,2059.73999023438,4869.85009765625,17685.08984375,6174.89990234375,9965.509765625,4385.06005859375,16758.669921875,20776.69921875,3003.9150390625,1995.84997558594,25341.859375
2016-04-30,2065.30004882812,4775.35986328125,17773.640625,6241.89990234375,10038.9697265625,4428.9599609375,16666.05078125,21067.05078125,2938.32397460938,1994.15002441406,25606.619140625
2016-05-31,2096.94995117188,4948.0498046875,17787.19921875,6230.7998046875,10262.740234375,4505.6201171875,17234.98046875,20815.08984375,2916.61596679688,1983.40002441406,26667.9609375
2016-06-30,2098.86010742188,4842.669921875,17929.990234375,6504.2998046875,9680.08984375,4237.47998046875,15575.919921875,20794.369140625,2929.60595703125,1970.34997558594,26999.720703125
2016-07-31,2173.60009765625,5162.1298828125,18432.240234375,6724.39990234375,10337.5,4439.81005859375,16569.26953125,21891.369140625,2979.33911132812,2016.18994140625,28051.859375
2016-08-31,2170.94995117188,5213.22021484375,18400.880859375,6781.5,10592.6904296875,4438.22021484375,16887.400390625,22976.880859375,3085.49096679688,2034.65002441406,28452.169921875
2016-09-30,2168.27001953125,5312,18308.150390625,6899.2998046875,10511.01953125,4448.259765625,16449.83984375,23297.150390625,3004.70288085938,2043.63000488281,27865.9609375
2016-10-31,2126.14990234375,5189.14013671875,18142.419921875,6954.2001953125,10665.009765625,4509.259765625,17425.01953125,22934.5390625,3100.49194335938,2008.18994140625,27941.509765625
2016-11-30,2198.81005859375,5323.68017578125,19123.580078125,6783.7998046875,10640.2998046875,4578.33984375,18308.48046875,22789.76953125,3250.03393554688,1983.47998046875,26652.810546875
2016-12-31,2238.830078125,5383.1201171875,19762.599609375,7142.7998046875,11481.0595703125,4862.31005859375,19114.369140625,22000.560546875,3103.63696289062,2026.4599609375,26626.4609375
2017-01-31,2278.8701171875,5614.7900390625,19864.08984375,7099.2001953125,11535.3095703125,4748.89990234375,19041.33984375,23360.779296875,3159.166015625,2067.57006835938,27655.9609375
2017-02-28,2363.63989257812,5825.43994140625,20812.240234375,7263.39990234375,11834.41015625,4858.580078125,19118.990234375,23740.73046875,3241.73291015625,2091.63989257812,28743.3203125
2017-03-31,2362.71997070312,5911.740234375,20663.220703125,7322.89990234375,12312.8701171875,5122.509765625,18909.259765625,24111.58984375,3222.51391601562,2160.22998046875,29620.5
2017-04-30,2384.19995117188,6047.60986328125,20940.509765625,7203.89990234375,12438.009765625,5267.330078125,19196.740234375,24615.130859375,3154.65795898438,2205.43994140625,29918.400390625
2017-05-31,2411.80004882812,6198.52001953125,21008.650390625,7520,12615.0595703125,5283.6298828125,19650.5703125,25660.650390625,3117.17797851562,2347.3798828125,31145.80078125
2017-06-30,2423.40991210938,6140.419921875,21349.630859375,7312.7001953125,12325.1201171875,5120.68017578125,20033.4296875,25764.580078125,3192.42700195312,2391.7900390625,30921.609375
2017-07-31,2470.30004882812,6348.1201171875,21891.119140625,7372,12118.25,5093.77001953125,19925.1796875,27323.990234375,3273.02807617188,2402.7099609375,32514.939453125
2017-08-31,2471.64990234375,6428.66015625,21948.099609375,7430.60009765625,12055.83984375,5085.58984375,19646.240234375,27970.30078125,3360.81005859375,2363.18994140625,31730.490234375
2017-09-30,2519.36010742188,6495.9599609375,22405.08984375,7372.7998046875,12828.8603515625,5329.81005859375,20356.279296875,27554.30078125,3348.94311523438,2394.46997070312,31283.720703125
2017-10-31,2575.26000976562,6727.669921875,23377.240234375,7493.10009765625,NA,5503.2900390625,22011.609375,28245.5390625,3393.34204101562,2523.42993164062,33213.12890625
2017-11-30,2647.580078125,6873.97021484375,24272.349609375,7326.7001953125,13023.98046875,5372.7900390625,22724.9609375,29177.349609375,3317.18798828125,2476.3701171875,33149.3515625
2017-12-31,2673.61010742188,6903.39013671875,24719.220703125,7687.7998046875,12917.6396484375,5312.56005859375,22764.939453125,29919.150390625,3307.17211914062,2467.48999023438,34056.828125
2018-01-31,2823.81005859375,7411.47998046875,26149.390625,7533.60009765625,13189.48046875,5481.93017578125,23098.2890625,32887.26953125,3480.8330078125,2566.4599609375,35965.01953125
2018-02-28,2713.830078125,7273.009765625,25029.19921875,7231.89990234375,12435.849609375,5320.490234375,22068.240234375,30844.720703125,3259.40795898438,2427.36010742188,34184.0390625
2018-03-31,2640.8701171875,7063.4501953125,24103.109375,7056.60009765625,12096.73046875,5167.2998046875,21454.30078125,30093.380859375,3168.89697265625,2445.85009765625,32968.6796875
2018-04-30,2648.05004882812,7066.27001953125,24163.150390625,7509.2998046875,12612.1103515625,5520.5,NA,30808.44921875,3082.23193359375,2515.3798828125,35160.359375
2018-05-31,2705.27001953125,7442.1201171875,24415.83984375,7678.2001953125,12604.8896484375,5398.39990234375,22201.8203125,30468.560546875,3095.47412109375,2423.01000976562,35322.37890625
2018-06-30,2718.3701171875,7510.2998046875,24271.41015625,7636.89990234375,12306,5323.52978515625,22304.509765625,28955.109375,2847.41796875,2326.1298828125,35423.48046875
2018-07-31,2816.2900390625,7671.7900390625,25415.189453125,7748.7998046875,12805.5,5511.2998046875,22553.720703125,28583.009765625,2876.40087890625,2295.26000976562,37606.578125
2018-08-31,2901.52001953125,8109.5400390625,25964.8203125,7432.39990234375,12364.0595703125,5406.85009765625,22865.150390625,27888.55078125,2725.25,2322.8798828125,38645.0703125
2018-09-30,2913.97998046875,8046.35009765625,26458.310546875,7510.2001953125,12246.73046875,5493.490234375,24120.0390625,27788.51953125,2821.35009765625,2343.07006835938,36227.140625
2018-10-31,2711.73999023438,7305.89990234375,25115.759765625,7128.10009765625,11447.509765625,5093.43994140625,21920.4609375,24979.689453125,2602.78295898438,2029.68994140625,34442.05078125
2018-11-30,2760.169921875,7330.5400390625,25538.4609375,6980.2001953125,11257.240234375,5003.919921875,22351.060546875,26506.75,2588.18798828125,2096.86010742188,36194.30078125
2018-12-31,2506.85009765625,6635.27978515625,23327.4609375,6728.10009765625,10558.9599609375,4730.68994140625,NA,25845.69921875,2493.89599609375,2041.0400390625,36068.328125
2019-01-31,2704.10009765625,7281.740234375,24999.669921875,6968.89990234375,11173.099609375,4992.72021484375,20773.490234375,27942.470703125,2584.57202148438,2204.85009765625,36256.69140625
2019-02-28,2784.48999023438,7532.52978515625,25916,7074.7001953125,11515.6396484375,5240.52978515625,21385.16015625,28633.1796875,2940.9541015625,2195.43994140625,35867.44140625
2019-03-31,2834.39990234375,7729.31982421875,25928.6796875,7279.2001953125,11526.0400390625,5350.52978515625,21205.810546875,29051.359375,3090.75805664062,2140.669921875,38545.71875
2019-04-30,2945.830078125,8095.39013671875,26592.91015625,7418.2001953125,12344.080078125,5586.41015625,22258.73046875,29699.109375,3086.39892578125,2203.59008789062,39031.55078125
2019-05-31,2752.06005859375,7453.14990234375,24815.0390625,7161.7001953125,11726.83984375,5207.6298828125,20601.189453125,26901.08984375,2898.69604492188,2041.73999023438,39714.19921875
2019-06-30,2941.76000976562,8006.240234375,26599.9609375,7425.60009765625,12398.7998046875,5538.97021484375,21275.919921875,28542.619140625,2978.8779296875,2130.6201171875,39394.640625
2019-07-31,2980.3798828125,8175.419921875,26864.26953125,7586.7998046875,12189.0400390625,5518.89990234375,21521.529296875,27777.75,2932.51000976562,2024.55004882812,37481.12109375
2019-08-31,2926.4599609375,7962.8798828125,26403.279296875,7207.2001953125,11939.2802734375,5480.47998046875,20704.369140625,25724.73046875,2886.23999023438,1967.7900390625,37332.7890625
2019-09-30,2976.73999023438,7999.33984375,26916.830078125,7408.2001953125,12428.080078125,5677.7900390625,21755.83984375,26092.26953125,2905.18994140625,2063.05004882812,38667.328125
2019-10-31,3037.56005859375,8292.3603515625,27046.23046875,7248.39990234375,12866.7900390625,5729.85986328125,22927.0390625,26906.720703125,2929.06005859375,2083.47998046875,40129.05078125
2019-11-30,3140.97998046875,8665.4697265625,28051.41015625,7346.5,13236.3798828125,5905.169921875,23293.91015625,26346.490234375,2871.97998046875,2087.9599609375,40793.80859375
2019-12-31,3230.78002929688,8972.599609375,28538.439453125,7542.39990234375,13249.009765625,5978.06005859375,23656.619140625,28189.75,3050.1240234375,2197.669921875,41253.73828125
2020-01-31,3225.52001953125,9150.9404296875,28256.029296875,7286,12981.9697265625,5806.33984375,23205.1796875,26312.630859375,2976.52807617188,2119.01000976562,40723.48828125
2020-02-29,2954.21997070312,8567.3701171875,25409.359375,6580.60009765625,11890.349609375,5309.89990234375,21142.9609375,26129.9296875,2880.30395507812,1987.01000976562,38297.2890625
2020-03-31,2584.59008789062,7700.10009765625,21917.16015625,5672,9935.83984375,4396.1201171875,18917.009765625,23603.48046875,2750.2958984375,1754.64001464844,29468.490234375
2020-04-30,2912.42993164062,8889.5498046875,24345.720703125,5901.2001953125,10861.6396484375,4572.18017578125,20193.689453125,24643.58984375,2860.08203125,1947.56005859375,33717.62109375
2020-05-31,3044.31005859375,9489.8701171875,25383.109375,6076.60009765625,11586.849609375,4695.43994140625,21877.890625,22961.470703125,2852.35107421875,2029.59997558594,32424.099609375
2020-06-30,3100.2900390625,10058.76953125,25812.880859375,6169.7001953125,12310.9296875,4935.990234375,22288.140625,24427.189453125,2984.67407226562,2108.330078125,34915.80078125
2020-07-31,3271.1201171875,10745.26953125,26428.3203125,5897.7998046875,12313.3603515625,4783.68994140625,21710,24595.349609375,3310.00708007812,2249.3701171875,37606.890625
2020-08-31,3500.31005859375,11775.4599609375,28430.05078125,5963.60009765625,12945.3798828125,4947.22021484375,23139.759765625,25177.05078125,3395.67797851562,2326.169921875,38628.2890625
2020-09-30,3363,11167.509765625,27781.69921875,5866.10009765625,12760.73046875,4803.43994140625,23185.119140625,23459.05078125,3218.05200195312,2327.88989257812,38067.9296875
2020-10-31,3269.9599609375,10911.58984375,26501.599609375,5577.2998046875,11556.48046875,4594.240234375,22977.130859375,24107.419921875,3224.53295898438,2267.14990234375,39614.0703125
2020-11-30,3621.6298828125,12198.740234375,29638.640625,6266.2001953125,13291.16015625,5518.5498046875,26433.619140625,26341.490234375,3391.76000976562,2591.34008789062,44149.71875
2020-12-31,3756.07006835938,12888.2802734375,30606.48046875,6460.5,13718.7802734375,5551.41015625,27444.169921875,27231.130859375,3473.06909179688,2873.46997070312,47751.328125
2021-01-31,3714.23999023438,13070.6904296875,29982.619140625,6407.5,13432.8701171875,5399.2099609375,27663.390625,28283.7109375,3483.06909179688,2976.2099609375,46285.76953125
2021-02-28,3811.14990234375,13192.349609375,30932.369140625,6483.39990234375,13786.2900390625,5703.22021484375,28966.009765625,28980.2109375,3509.080078125,3012.94995117188,49099.98828125
2021-03-31,3972.88989257812,13246.8701171875,32981.55078125,6713.60009765625,15008.33984375,6067.22998046875,29178.80078125,28378.349609375,3441.90991210938,3061.419921875,49509.1484375
2021-04-30,4181.169921875,13962.6796875,33874.8515625,6969.7998046875,15135.91015625,6269.47998046875,28812.630859375,28724.880859375,3446.86010742188,3147.86010742188,48782.359375
2021-05-31,4204.10986328125,13748.740234375,34529.44921875,7022.60009765625,15421.1298828125,6447.169921875,28860.080078125,29151.80078125,3615.47998046875,3203.919921875,51937.44140625
2021-06-30,4297.5,14503.9501953125,34502.51171875,7037.5,15531.0400390625,6507.830078125,28791.529296875,28827.94921875,3591.19995117188,3296.67993164062,52482.7109375
2021-07-31,4395.259765625,14672.6796875,34935.46875,7032.2998046875,15544.3896484375,6612.759765625,27283.58984375,25961.029296875,3397.36010742188,3202.32006835938,52586.83984375
2021-08-31,4522.68017578125,15259.240234375,35360.73046875,7119.7001953125,15835.08984375,6680.18017578125,28089.5390625,25878.990234375,3543.93994140625,3199.27001953125,57552.390625
2021-09-30,4307.5400390625,14448.580078125,33843.921875,7086.39990234375,15260.6904296875,6520.009765625,29452.66015625,24575.640625,3568.169921875,3068.82006835938,59126.359375
2021-10-31,4605.3798828125,15498.3896484375,35819.55859375,7237.60009765625,15688.76953125,6830.33984375,28892.689453125,25377.240234375,3547.34008789062,2970.67993164062,59306.9296875
2021-11-30,4567,15537.6904296875,34483.71875,7059.5,15100.1298828125,6721.16015625,27821.759765625,23475.259765625,3563.88989257812,2839.01000976562,57064.87109375
2021-12-31,4766.18017578125,15644.9697265625,36338.30078125,7384.5,15884.8603515625,7153.02978515625,28791.7109375,23397.669921875,3639.78002929688,2977.64990234375,58253.8203125
2022-01-31,4515.5498046875,14239.8798828125,35131.859375,7464.39990234375,15471.2001953125,6999.2001953125,27001.98046875,23802.259765625,3361.43994140625,2663.34008789062,58014.171875
2022-02-28,4373.93994140625,13751.400390625,33892.6015625,7458.2998046875,14461.01953125,6658.830078125,26526.8203125,22713.01953125,3462.31005859375,2699.17993164062,56247.28125
2022-03-31,4530.41015625,14220.51953125,34678.3515625,7515.7001953125,14414.75,6659.8701171875,27821.4296875,21996.849609375,3252.19995117188,2757.64990234375,58568.51171875
2022-04-30,4131.93017578125,12334.6396484375,32977.2109375,7544.60009765625,14097.8798828125,6533.77001953125,26847.900390625,21089.390625,3047.06005859375,2695.05004882812,57060.87109375
2022-05-31,4132.14990234375,12081.3896484375,32990.12109375,7607.7001953125,14388.349609375,6468.7998046875,27279.80078125,21415.19921875,3186.42993164062,2685.89990234375,55566.41015625
2022-06-30,3785.3798828125,11028.740234375,30775.4296875,7169.2998046875,12783.76953125,5922.85986328125,26393.0390625,21859.7890625,3398.6201171875,2332.63989257812,53018.94140625
2022-07-31,4130.2900390625,12390.6904296875,32845.12890625,7423.39990234375,13484.0498046875,6448.5,27801.640625,20156.509765625,3253.23999023438,2451.5,57570.25
2022-08-31,3955,11816.2001953125,31510.4296875,7284.2001953125,12834.9599609375,6125.10009765625,28091.529296875,19954.390625,3202.13989257812,2472.05004882812,59537.0703125
2022-09-30,3585.6201171875,10575.6201171875,28725.509765625,6893.7998046875,12114.3603515625,5762.33984375,25937.2109375,17222.830078125,3024.38989257812,2155.48999023438,57426.921875
2022-10-31,3871.97998046875,10988.150390625,32732.94921875,7094.5,13253.740234375,6266.77001953125,27587.4609375,14687.01953125,2893.47998046875,2293.61010742188,60746.58984375
2022-11-30,4080.11010742188,11468,34589.76953125,7573.10009765625,14397.0400390625,6738.5498046875,27968.990234375,18597.23046875,3151.34008789062,2472.53002929688,63099.6484375
2022-12-31,3839.5,10466.48046875,33147.25,7451.7001953125,13923.58984375,6473.759765625,26094.5,19781.41015625,3089.26000976562,2236.39990234375,60840.73828125
2023-01-31,4076.60009765625,11584.5498046875,34086.0390625,7771.7001953125,15128.26953125,7082.419921875,27327.109375,21842.330078125,3255.669921875,2425.080078125,59549.8984375
2023-02-28,3970.14990234375,11455.5400390625,32656.69921875,7876.2998046875,15365.1396484375,7267.93017578125,27445.560546875,19785.939453125,3279.61010742188,2412.85009765625,58962.12109375
2023-03-31,4109.31005859375,12221.91015625,33274.1484375,7631.7001953125,15628.83984375,7322.39013671875,28041.48046875,20400.109375,3272.86010742188,2476.86010742188,58991.51953125
2023-04-30,4169.47998046875,12226.580078125,34098.16015625,7870.60009765625,15922.3798828125,7491.5,28856.439453125,19894.5703125,3323.27001953125,2501.53002929688,61112.44140625
2023-05-31,4179.830078125,12935.2900390625,32908.26953125,7446.10009765625,15664.01953125,7098.7001953125,30887.880859375,18234.26953125,3204.56005859375,2577.1201171875,62622.23828125
2023-06-30,4450.3798828125,13787.919921875,34407.6015625,7531.5,16147.900390625,7400.06005859375,33189.0390625,18916.4296875,3202.06005859375,2564.28002929688,64718.55859375
2023-07-31,4588.9599609375,14346.01953125,35559.53125,7699.39990234375,16446.830078125,7497.77978515625,33172.21875,20078.939453125,3291.0400390625,2632.580078125,66527.671875
2023-08-31,4507.66015625,14034.9697265625,34721.91015625,7439.10009765625,15947.080078125,7316.7001953125,32619.33984375,18382.060546875,3119.8798828125,2556.27001953125,64831.41015625
2023-09-30,4288.0498046875,13219.3203125,33507.5,7608.10009765625,15386.580078125,7135.06005859375,31857.619140625,17809.66015625,3110.47509765625,2465.07006835938,65828.40625
2023-10-31,4193.7998046875,12851.240234375,33052.87109375,7321.7001953125,14810.33984375,6885.64990234375,30858.849609375,17112.48046875,3018.77099609375,2277.98999023438,63874.9296875
2023-11-30,4567.7998046875,14226.2197265625,35950.890625,7453.7998046875,16215.4296875,7310.77001953125,33486.890625,17042.880859375,3029.67309570312,2535.2900390625,66988.4375
2023-12-31,4769.830078125,15011.349609375,37689.5390625,7733.2001953125,16751.640625,7543.18017578125,33464.171875,17047.390625,2974.93505859375,2655.28002929688,72240.2578125
2024-01-31,4845.64990234375,15164.009765625,38150.30078125,7630.60009765625,16903.759765625,7656.75,36286.7109375,15485.0703125,2788.54809570312,2497.09008789062,71752.109375
2024-02-29,5096.27001953125,16091.919921875,38996.390625,7630,17678.189453125,7927.43017578125,39166.19140625,16511.439453125,3015.1708984375,2642.36010742188,72500.296875
2024-03-31,5254.35009765625,16379.4599609375,39807.37109375,7952.60009765625,18492.490234375,8205.8095703125,40369.44140625,16541.419921875,3041.1669921875,2746.6298828125,73651.3515625
2024-04-30,5035.68994140625,15657.8203125,37815.921875,8144.10009765625,17932.169921875,7984.93017578125,38405.66015625,17763.029296875,3104.82495117188,2692.06005859375,74482.78125
2024-05-31,5277.509765625,16735.01953125,38686.3203125,8275.400390625,18497.939453125,7992.8701171875,38487.8984375,18079.609375,3086.81298828125,2636.52001953125,73961.3125
2024-06-30,5460.47998046875,17732.599609375,39118.859375,8164.10009765625,18235.44921875,7479.39990234375,39583.078125,17718.609375,2967.40307617188,2797.82006835938,79032.7265625
2024-07-31,5522.2998046875,17599.400390625,40842.7890625,8368,18508.650390625,7531.490234375,39101.8203125,17344.599609375,2938.7490234375,2770.68994140625,81741.34375
2024-08-31,5648.39990234375,17713.619140625,41563.078125,8376.599609375,18906.919921875,7630.9501953125,38647.75,17989.0703125,2842.21411132812,2674.31005859375,82365.7734375
2024-09-30,5762.47998046875,18189.169921875,42330.1484375,8237,19324.9296875,7635.75,37919.55078125,21133.6796875,3336.4970703125,2593.27001953125,84299.78125
2024-10-31,5705.4501953125,18095.150390625,41763.4609375,8110.10009765625,19077.5390625,7350.3701171875,39081.25,20317.330078125,3279.82397460938,2556.14990234375,79389.0625
2024-11-30,6032.3798828125,19218.169921875,44910.6484375,8287.2998046875,19626.44921875,7235.10986328125,38208.03125,19423.609375,3326.4560546875,2455.90991210938,79802.7890625
2024-12-31,5881.6298828125,19310.7890625,42544.21875,8173,19909.140625,7380.740234375,39894.5390625,20059.94921875,3351.76293945312,2399.48999023438,78139.0078125
2025-01-31,6040.52978515625,19627.439453125,44544.66015625,8674,21732.05078125,7950.169921875,39572.48828125,20225.109375,3250.60107421875,2517.3701171875,77500.5703125
2025-02-28,5954.5,18847.279296875,43840.91015625,8809.7001953125,22551.4296875,8111.6298828125,37155.5,22941.3203125,3320.89697265625,2532.78002929688,73198.1015625
2025-03-31,5611.85009765625,17299.2890625,42001.76171875,8582.7998046875,22163.490234375,7790.7099609375,35617.55859375,23119.580078125,3335.74609375,2481.1201171875,77414.921875
2025-04-30,5569.06005859375,17446.33984375,40669.359375,8494.900390625,22496.98046875,7593.8701171875,36045.37890625,22119.41015625,3279.03100585938,2556.61010742188,80242.2421875
2025-05-31,5911.68994140625,19113.76953125,42270.0703125,8772.400390625,23997.48046875,7751.89013671875,37965.1015625,23289.76953125,3347.48706054688,2697.669921875,81451.0078125
2025-06-30,6204.9501953125,20369.73046875,44094.76953125,8761,23909.609375,7665.91015625,40487.390625,24072.279296875,3444.42602539062,3071.69995117188,83606.4609375
2025-07-31,6339.39013671875,21122.44921875,44130.98046875,9132.7998046875,24065.470703125,7771.97021484375,41069.8203125,24773.330078125,3573.2080078125,3245.43994140625,81185.578125
2025-08-31,6460.259765625,21455.55078125,45544.87890625,9187.2998046875,23902.2109375,7703.89990234375,42718.46875,25077.619140625,3857.92700195312,3186.01000976562,79809.6484375
2025-09-30,6688.4599609375,22660.009765625,46397.890625,9350.400390625,23880.720703125,7895.93994140625,44932.62890625,26855.560546875,3882.77709960938,3424.60009765625,80267.6171875
2025-10-31,6840.2001953125,23724.9609375,47562.87109375,9717.2998046875,23958.30078125,8121.06982421875,52411.33984375,25906.650390625,3954.7900390625,4107.5,83938.7109375
2025-11-30,6849.08984375,23365.689453125,47716.421875,9720.5,23836.7890625,8122.7099609375,50253.91015625,25858.890625,3888.59594726562,3926.59008789062,85706.671875
2025-12-31,6845.5,23241.990234375,48063.2890625,9931.400390625,24490.41015625,8149.5,50339.48046875,25630.5390625,3968.84008789062,4214.169921875,85220.6015625
2026-01-31,6939.02978515625,23461.8203125,48892.46875,10223.5,24538.810546875,8126.52978515625,53322.8515625,27387.109375,4117.9482421875,5224.35986328125,82269.78125
2026-02-28,6878.8798828125,22668.2109375,48977.921875,10910.599609375,25284.259765625,8580.75,58850.26953125,26630.5390625,4162.880859375,6244.1298828125,81287.1875
2026-03-31,6528.52001953125,21590.630859375,46341.51171875,10176.5,22680.0390625,7816.93994140625,51063.71875,24788.140625,3891.86108398438,5052.4599609375,71947.546875
2026-04-30,7209.009765625,24892.310546875,49652.140625,10378.7998046875,24292.380859375,8114.83984375,59284.921875,25776.529296875,4112.1591796875,6598.8701171875,76913.5
2026-05-31,7580.06005859375,26972.619140625,51032.4609375,10409.2998046875,25104.69921875,8183.33984375,66329.5,25182.390625,4068.56909179688,8476.150390625,74775.7421875
2026-06-30,NA,NA,NA,NA,NA,NA,66934.328125,NA,NA,8788.3798828125,NA
